{"Loss": 0.36601051688194275, "RMSE": 6.575866222381592, "MAE": 40.16922816081904, "MAPE": 2168705280.0, "_timestamp": 1710758037.107438, "_runtime": 6079.671657085419, "_step": 5}