{"Loss": 0.16174806654453278, "RMSE": 6.086013317108154, "MAE": 37.662390079204386, "MAPE": 967494208.0, "_timestamp": 1710763898.3253524, "_runtime": 4893.9816653728485, "_step": 9}